"rules","support","confidence","coverage","lift","count"
"{cake bar} => {whole milk}",0.00559227249618709,0.423076923076923,0.0132180986273513,1.65577458752946,55
"{dishes} => {other vegetables}",0.00599898322318251,0.341040462427746,0.0175902389425521,1.7625501565827,59
"{dishes} => {whole milk}",0.00528723945094052,0.300578034682081,0.0175902389425521,1.17635693239087,52
"{mustard} => {whole milk}",0.00518556176919166,0.432203389830508,0.011997966446365,1.69149237524196,51
"{pot plants} => {whole milk}",0.00691408235892222,0.4,0.0172852058973055,1.56545961002786,68
"{chewing gum} => {soda}",0.00538891713268937,0.256038647342995,0.0210472801220132,1.46830326333432,53
"{canned fish} => {other vegetables}",0.00508388408744281,0.337837837837838,0.0150482968988307,1.74599849455341,50
"{pasta} => {whole milk}",0.00610066090493137,0.405405405405405,0.0150482968988307,1.58661446962283,60
"{herbs} => {root vegetables}",0.00701576004067107,0.43125,0.016268429079817,3.95647737873134,69
"{herbs} => {other vegetables}",0.00772750381291307,0.475,0.016268429079817,2.45487388334209,76
"{herbs} => {whole milk}",0.00772750381291307,0.475,0.016268429079817,1.85898328690808,76
"{processed cheese} => {soda}",0.00528723945094052,0.319018404907975,0.0165734621250636,1.82947289345186,52
"{processed cheese} => {other vegetables}",0.00549059481443823,0.331288343558282,0.0165734621250636,1.71214968938292,54
"{processed cheese} => {whole milk}",0.00701576004067107,0.423312883435583,0.0165734621250635,1.65669805355709,69
"{semi-finished bread} => {other vegetables}",0.00518556176919166,0.293103448275862,0.017691916624301,1.51480421113668,51
"{semi-finished bread} => {whole milk}",0.00711743772241993,0.402298850574713,0.017691916624301,1.57445650433836,70
"{beverages} => {whole milk}",0.00681240467717336,0.26171875,0.0260294865277072,1.02427533077994,67
"{detergent} => {other vegetables}",0.00640569395017794,0.333333333333333,0.0192170818505338,1.72271851462603,63
"{detergent} => {whole milk}",0.00894763599389934,0.465608465608466,0.0192170818505338,1.82222811749274,88
"{pickled vegetables} => {other vegetables}",0.00640569395017794,0.357954545454545,0.0178952719877987,1.84996476854727,63
"{pickled vegetables} => {whole milk}",0.00711743772241993,0.397727272727273,0.0178952719877987,1.5565649531527,70
"{baking powder} => {other vegetables}",0.00732079308591764,0.413793103448276,0.017691916624301,2.13854712160473,72
"{baking powder} => {whole milk}",0.00925266903914591,0.522988505747126,0.017691916624301,2.04679345563987,91
"{flour} => {other vegetables}",0.00630401626842908,0.362573099415205,0.0173868835790544,1.87383417380375,62
"{flour} => {whole milk}",0.00843924758515506,0.485380116959064,0.0173868835790544,1.89960742152503,83
"{soft cheese} => {yogurt}",0.00599898322318251,0.351190476190476,0.0170818505338078,2.51746234207969,59
"{soft cheese} => {rolls/buns}",0.00538891713268937,0.31547619047619,0.0170818505338078,1.71515109637,53
"{soft cheese} => {other vegetables}",0.00711743772241993,0.416666666666667,0.0170818505338078,2.15339814328254,70
"{soft cheese} => {whole milk}",0.00752414844941535,0.44047619047619,0.0170818505338078,1.72386921342353,74
"{specialty bar} => {soda}",0.00721911540416879,0.263940520446097,0.0273512963904423,1.51361808663986,71
"{misc. beverages} => {soda}",0.00732079308591764,0.258064516129032,0.0283680732079309,1.47992100065833,72
"{grapes} => {tropical fruit}",0.00610066090493137,0.272727272727273,0.0223690899847484,2.59910147991543,60
"{grapes} => {other vegetables}",0.0090493136756482,0.404545454545455,0.0223690899847483,2.09075383365977,89
"{grapes} => {whole milk}",0.00732079308591764,0.327272727272727,0.0223690899847483,1.28083059002279,72
"{cat food} => {yogurt}",0.00620233858668022,0.266375545851528,0.0232841891204881,1.90947776490509,61
"{cat food} => {other vegetables}",0.00650737163192679,0.279475982532751,0.0232841891204881,1.44437534850741,64
"{cat food} => {whole milk}",0.00884595831215048,0.379912663755459,0.0232841891204881,1.48684482611816,87
"{specialty chocolate} => {whole milk}",0.00803253685815963,0.264214046822742,0.030401626842908,1.03404104675753,79
"{meat} => {rolls/buns}",0.00691408235892222,0.267716535433071,0.0258261311642095,1.45549592370605,68
"{meat} => {other vegetables}",0.0099644128113879,0.385826771653543,0.0258261311642095,1.99401276889784,98
"{meat} => {whole milk}",0.0099644128113879,0.385826771653543,0.0258261311642095,1.50999056872766,98
"{frozen meals} => {other vegetables}",0.00752414844941535,0.265232974910394,0.0283680732079309,1.37076526970243,74
"{frozen meals} => {whole milk}",0.00986273512963904,0.347670250896057,0.0283680732079309,1.36065933846507,97
"{hard cheese} => {yogurt}",0.00640569395017794,0.261410788381743,0.0245043213014743,1.87388855957321,63
"{hard cheese} => {other vegetables}",0.00945602440264362,0.385892116182573,0.0245043213014743,1.99435047958781,93
"{hard cheese} => {whole milk}",0.0100660904931368,0.410788381742739,0.0245043213014743,1.6076815497174,99
"{butter milk} => {yogurt}",0.00854092526690392,0.305454545454545,0.0279613624809354,2.18961038961039,84
"{butter milk} => {rolls/buns}",0.00762582613116421,0.272727272727273,0.0279613624809354,1.48273782602141,75
"{butter milk} => {other vegetables}",0.0103711235383833,0.370909090909091,0.0279613624809354,1.9169158744566,102
"{butter milk} => {whole milk}",0.0115912557193696,0.414545454545455,0.0279613624809354,1.62238541402887,114
"{candy} => {soda}",0.00864260294865277,0.289115646258503,0.0298932384341637,1.65798972650285,85
"{candy} => {whole milk}",0.00823589222165735,0.275510204081633,0.0298932384341637,1.07825024160082,81
"{ham} => {yogurt}",0.0067107269954245,0.2578125,0.0260294865277072,1.84809470663265,66
"{ham} => {rolls/buns}",0.00691408235892222,0.265625,0.0260294865277072,1.4441248618021,68
"{ham} => {other vegetables}",0.00915099135739705,0.3515625,0.0260294865277072,1.81692968339464,90
"{ham} => {whole milk}",0.0114895780376207,0.44140625,0.0260294865277072,1.72750913997214,113
"{sliced cheese} => {sausage}",0.00701576004067107,0.286307053941909,0.0245043213014743,3.04743493021501,69
"{sliced cheese} => {yogurt}",0.00803253685815963,0.327800829875519,0.0245043213014743,2.3497967651791,79
"{sliced cheese} => {rolls/buns}",0.00762582613116421,0.311203319502075,0.0245043213014743,1.69192075583356,75
"{sliced cheese} => {other vegetables}",0.0090493136756482,0.369294605809129,0.0245043213014743,1.90857196433672,89
"{sliced cheese} => {whole milk}",0.0107778342653787,0.439834024896266,0.0245043213014743,1.72135600272772,106
"{oil} => {root vegetables}",0.00701576004067107,0.25,0.0280630401626843,2.29361007462687,69
"{oil} => {other vegetables}",0.0099644128113879,0.355072463768116,0.0280630401626843,1.83506972210164,98
"{oil} => {whole milk}",0.011286222674123,0.402173913043478,0.0280630401626843,1.57396754269105,111
"{onions} => {root vegetables}",0.00945602440264362,0.304918032786885,0.0310116929334011,2.79745228774162,93
"{onions} => {other vegetables}",0.0142348754448399,0.459016393442623,0.0310116929334011,2.37226811850142,140
"{onions} => {whole milk}",0.0120996441281139,0.390163934426229,0.0310116929334011,1.52696470158455,119
"{berries} => {whipped/sour cream}",0.0090493136756482,0.27217125382263,0.033248601931876,3.7968855054547,89
"{berries} => {yogurt}",0.010574478901881,0.318042813455657,0.033248601931876,2.27984771890408,104
"{berries} => {other vegetables}",0.0102694458566345,0.308868501529052,0.033248601931876,1.59628045850669,101
"{berries} => {whole milk}",0.0117946110828673,0.35474006116208,0.033248601931876,1.38832809452012,116
"{hamburger meat} => {rolls/buns}",0.00864260294865277,0.259938837920489,0.033248601931876,1.41321087393478,85
"{hamburger meat} => {other vegetables}",0.0138281647178444,0.415902140672783,0.033248601931876,2.14944695402881,136
"{hamburger meat} => {whole milk}",0.0147432638535841,0.443425076452599,0.033248601931876,1.73541011815015,145
"{hygiene articles} => {other vegetables}",0.00955770208439248,0.290123456790123,0.0329435688866294,1.49940315161895,94
"{hygiene articles} => {whole milk}",0.0128113879003559,0.388888888888889,0.0329435688866294,1.52197462086041,126
"{salty snack} => {other vegetables}",0.0107778342653787,0.28494623655914,0.0378240976105745,1.47264647218032,106
"{salty snack} => {whole milk}",0.0111845449923742,0.295698924731183,0.0378240976105745,1.15726180848833,110
"{sugar} => {other vegetables}",0.0107778342653787,0.318318318318318,0.0338586680223691,1.64511858153477,106
"{sugar} => {whole milk}",0.0150482968988307,0.444444444444444,0.0338586680223691,1.73939956669762,148
"{waffles} => {other vegetables}",0.0100660904931368,0.261904761904762,0.0384341637010676,1.35356454720617,99
"{waffles} => {whole milk}",0.012709710218607,0.330687830687831,0.0384341637010676,1.29419610617382,125
"{long life bakery product} => {other vegetables}",0.0106761565836299,0.285326086956522,0.0374173868835791,1.47460959811739,105
"{long life bakery product} => {whole milk}",0.0135231316725979,0.361413043478261,0.0374173868835791,1.41444380525615,133
"{dessert} => {soda}",0.00986273512963904,0.265753424657534,0.0371123538383325,1.52401453732178,97
"{dessert} => {yogurt}",0.00986273512963904,0.265753424657534,0.0371123538383325,1.90501817165222,97
"{dessert} => {other vegetables}",0.0115912557193696,0.312328767123288,0.0371123538383325,1.61416364932083,114
"{dessert} => {whole milk}",0.0137264870360956,0.36986301369863,0.0371123538383325,1.44751402297096,135
"{cream cheese} => {yogurt}",0.0124046771733604,0.312820512820513,0.0396542958820539,2.24241234955521,122
"{cream cheese} => {rolls/buns}",0.0099644128113879,0.251282051282051,0.0396542958820539,1.36614647559921,98
"{cream cheese} => {other vegetables}",0.0137264870360956,0.346153846153846,0.0396542958820539,1.78897691903472,135
"{cream cheese} => {whole milk}",0.0164717844433147,0.415384615384615,0.0396542958820539,1.62566959502893,162
"{chicken} => {root vegetables}",0.0108795119471276,0.253554502369668,0.0429079816980173,2.32622064440829,107
"{chicken} => {other vegetables}",0.0178952719877987,0.417061611374408,0.0429079816980173,2.15543927896337,176
"{chicken} => {whole milk}",0.0175902389425521,0.409952606635071,0.0429079816980173,1.6044106192821,173
"{white bread} => {other vegetables}",0.0137264870360956,0.326086956521739,0.0420945602440264,1.68526811213416,135
"{white bread} => {whole milk}",0.0170818505338078,0.405797101449275,0.0420945602440264,1.58814743046304,168
"{chocolate} => {soda}",0.0135231316725979,0.272540983606557,0.0496187086934418,1.56293911007026,133
"{chocolate} => {other vegetables}",0.012709710218607,0.256147540983607,0.0496187086934418,1.32381033398517,125
"{chocolate} => {whole milk}",0.0166751398068124,0.336065573770492,0.0496187086934418,1.31524270514635,164
"{coffee} => {whole milk}",0.0187086934417895,0.322241681260946,0.0580579562785968,1.2611408417037,184
"{frozen vegetables} => {yogurt}",0.0124046771733604,0.257928118393235,0.0480935434672089,1.84892350174742,122
"{frozen vegetables} => {other vegetables}",0.0177935943060498,0.369978858350951,0.0480935434672089,1.91210828790416,175
"{frozen vegetables} => {whole milk}",0.0204372140315201,0.424947145877378,0.0480935434672089,1.66309398316913,201
"{beef} => {root vegetables}",0.0173868835790544,0.331395348837209,0.0524656837824098,3.04036684311003,171
"{beef} => {rolls/buns}",0.0136248093543467,0.25968992248062,0.0524656837824098,1.41185759402814,134
"{beef} => {other vegetables}",0.0197254702592781,0.375968992248062,0.0524656837824098,1.94306623161308,194
"{beef} => {whole milk}",0.0212506354855109,0.405038759689922,0.0524656837824098,1.58517954697588,209
"{curd} => {yogurt}",0.0172852058973055,0.324427480916031,0.0532791052364006,2.32561536064808,170
"{curd} => {other vegetables}",0.0171835282155567,0.322519083969466,0.0532791052364006,1.66682879182328,169
"{curd} => {whole milk}",0.026131164209456,0.490458015267176,0.0532791052364006,1.91948053328797,257
"{napkins} => {other vegetables}",0.0144382308083376,0.275728155339806,0.0523640061006609,1.4250059946227,142
"{napkins} => {whole milk}",0.0197254702592781,0.376699029126214,0.0523640061006609,1.47426778808448,194
"{pork} => {other vegetables}",0.0216573462125064,0.375661375661376,0.0576512455516014,1.94147642124521,213
"{pork} => {whole milk}",0.0221657346212506,0.384479717813051,0.0576512455516014,1.5047186727781,218
"{frankfurter} => {rolls/buns}",0.0192170818505338,0.325862068965517,0.0589730554143366,1.77161605764282,189
"{frankfurter} => {other vegetables}",0.0164717844433147,0.279310344827586,0.0589730554143366,1.44351930708319,162
"{frankfurter} => {whole milk}",0.0205388917132689,0.348275862068965,0.0589730554143366,1.36302948804149,202
"{bottled beer} => {whole milk}",0.0204372140315201,0.253787878787879,0.0805287239450941,0.993236684392673,201
"{brown bread} => {other vegetables}",0.0187086934417895,0.288401253918495,0.0648703609557702,1.49050253930026,184
"{brown bread} => {whole milk}",0.0252160650737163,0.38871473354232,0.0648703609557702,1.5212930379581,248
"{margarine} => {rolls/buns}",0.0147432638535841,0.251736111111111,0.0585663446873411,1.36861506510657,145
"{margarine} => {other vegetables}",0.0197254702592781,0.336805555555556,0.0585663446873411,1.74066349915338,194
"{margarine} => {whole milk}",0.0241992882562278,0.413194444444444,0.0585663446873411,1.61709803466419,238
"{butter} => {yogurt}",0.0146415861718353,0.264220183486239,0.0554143365531266,1.89402733570492,144
"{butter} => {other vegetables}",0.0200305033045247,0.361467889908257,0.0554143365531266,1.86812227916327,197
"{butter} => {whole milk}",0.02755465175394,0.497247706422018,0.0554143365531266,1.94605300145665,271
"{newspapers} => {whole milk}",0.0273512963904423,0.342675159235669,0.0798169801728521,1.34111030285826,269
"{domestic eggs} => {other vegetables}",0.0222674123029995,0.350961538461538,0.0634468734112862,1.81382382068798,219
"{domestic eggs} => {whole milk}",0.0299949161159126,0.47275641025641,0.0634468734112862,1.85020266409542,295
"{fruit/vegetable juice} => {soda}",0.018403660396543,0.254571026722925,0.0722928317234367,1.45988690834984,181
"{fruit/vegetable juice} => {yogurt}",0.0187086934417895,0.258790436005626,0.0722928317234367,1.85510491116278,184
"{fruit/vegetable juice} => {other vegetables}",0.0210472801220132,0.291139240506329,0.0722928317234367,1.50465287986324,207
"{fruit/vegetable juice} => {whole milk}",0.0266395526182003,0.368495077355837,0.0722928317234367,1.44216040023663,262
"{whipped/sour cream} => {yogurt}",0.0207422470767667,0.28936170212766,0.0716827656329436,2.07425097698654,204
"{whipped/sour cream} => {other vegetables}",0.0288764616166751,0.402836879432624,0.0716827656329436,2.08192365171827,284
"{whipped/sour cream} => {whole milk}",0.0322318251143874,0.449645390070922,0.0716827656329436,1.75975424247812,317
"{pip fruit} => {tropical fruit}",0.0204372140315201,0.270161290322581,0.075648195221149,2.57464756814204,201
"{pip fruit} => {other vegetables}",0.026131164209456,0.345430107526882,0.0756481952211489,1.78523652523746,257
"{pip fruit} => {whole milk}",0.0300965937976614,0.397849462365591,0.075648195221149,1.55704316051158,296
"{pastry} => {other vegetables}",0.0225724453482461,0.253714285714286,0.0889679715302491,1.31123489227535,222
"{pastry} => {whole milk}",0.033248601931876,0.373714285714286,0.0889679715302491,1.46258654994031,327
"{citrus fruit} => {yogurt}",0.0216573462125064,0.261670761670762,0.0827656329435689,1.87575214360929,213
"{citrus fruit} => {other vegetables}",0.0288764616166751,0.348894348894349,0.0827656329435689,1.80314026346606,284
"{citrus fruit} => {whole milk}",0.0305033045246568,0.368550368550369,0.0827656329435689,1.44237679056621,300
"{sausage} => {soda}",0.0243009659379766,0.258658008658009,0.0939501779359431,1.48332449863062,239
"{sausage} => {rolls/buns}",0.0306049822064057,0.325757575757576,0.0939501779359431,1.7710479588589,301
"{sausage} => {other vegetables}",0.0269445856634469,0.286796536796537,0.0939501779359431,1.48220911161006,265
"{sausage} => {whole milk}",0.0298932384341637,0.318181818181818,0.0939501779359431,1.24525196252216,294
"{bottled water} => {soda}",0.028978139298424,0.262189512419503,0.110523640061007,1.50357659163021,285
"{bottled water} => {whole milk}",0.0343670564311134,0.310947562097516,0.110523640061007,1.21693962325072,338
"{tropical fruit} => {yogurt}",0.0292831723436706,0.27906976744186,0.10493136756482,2.00047460844803,288
"{tropical fruit} => {other vegetables}",0.0358922216573462,0.342054263565891,0.10493136756482,1.7677896385552,353
"{tropical fruit} => {whole milk}",0.0422979156075241,0.403100775193798,0.10493136756482,1.57759495584202,416
"{root vegetables} => {other vegetables}",0.047381799694967,0.434701492537313,0.108998474834774,2.2466049285888,466
"{root vegetables} => {whole milk}",0.0489069649211998,0.448694029850746,0.108998474834774,1.75603095247994,481
"{yogurt} => {other vegetables}",0.0434163701067616,0.311224489795918,0.139501779359431,1.6084565723294,427
"{yogurt} => {whole milk}",0.0560244026436197,0.401603498542274,0.139501779359431,1.57173514053453,551
"{rolls/buns} => {whole milk}",0.0566344687341129,0.307904919845218,0.183934926283681,1.20503178936638,557
"{other vegetables} => {whole milk}",0.0748347737671581,0.386757750919601,0.193492628368073,1.51363409482462,736
"{whole milk} => {other vegetables}",0.0748347737671581,0.292877039395145,0.255516014234875,1.51363409482462,736
"{oil,other vegetables} => {whole milk}",0.00508388408744281,0.510204081632653,0.0099644128113879,1.99675970666818,50
"{oil,whole milk} => {other vegetables}",0.00508388408744281,0.45045045045045,0.011286222674123,2.32799799273788,50
"{onions,root vegetables} => {other vegetables}",0.00569395017793594,0.602150537634409,0.00945602440264362,3.11200763932444,56
"{onions,other vegetables} => {root vegetables}",0.00569395017793594,0.4,0.0142348754448399,3.66977611940298,56
"{onions,other vegetables} => {whole milk}",0.00660904931367565,0.464285714285714,0.0142348754448399,1.81705133306805,65
"{onions,whole milk} => {other vegetables}",0.00660904931367565,0.546218487394958,0.0120996441281139,2.82294210379895,65
"{hamburger meat,other vegetables} => {whole milk}",0.00630401626842908,0.455882352941176,0.0138281647178444,1.78416352613469,62
"{hamburger meat,whole milk} => {other vegetables}",0.00630401626842908,0.427586206896552,0.0147432638535841,2.20983202565822,62
"{hygiene articles,other vegetables} => {whole milk}",0.00518556176919166,0.542553191489362,0.00955770208439248,2.12336276892076,51
"{hygiene articles,whole milk} => {other vegetables}",0.00518556176919166,0.404761904761905,0.0128113879003559,2.09187248204589,51
"{other vegetables,sugar} => {whole milk}",0.00630401626842908,0.584905660377358,0.0107778342653788,2.28911546749356,62
"{sugar,whole milk} => {other vegetables}",0.00630401626842908,0.418918918918919,0.0150482968988307,2.16503813324623,62
"{long life bakery product,other vegetables} => {whole milk}",0.00569395017793594,0.533333333333333,0.0106761565836299,2.08727948003714,56
"{long life bakery product,whole milk} => {other vegetables}",0.00569395017793594,0.421052631578947,0.0135231316725979,2.17606549215919,56
"{cream cheese,yogurt} => {other vegetables}",0.00528723945094052,0.426229508196721,0.0124046771733604,2.20282039575132,52
"{cream cheese,other vegetables} => {yogurt}",0.00528723945094052,0.385185185185185,0.0137264870360956,2.76114890400605,52
"{cream cheese,yogurt} => {whole milk}",0.00660904931367565,0.532786885245902,0.0124046771733604,2.08514087401251,65
"{cream cheese,whole milk} => {yogurt}",0.00660904931367565,0.401234567901235,0.0164717844433147,2.8761967750063,65
"{cream cheese,other vegetables} => {whole milk}",0.0067107269954245,0.488888888888889,0.0137264870360956,1.91333952336738,66
"{cream cheese,whole milk} => {other vegetables}",0.0067107269954245,0.407407407407407,0.0164717844433147,2.10554485120959,66
"{chicken,root vegetables} => {other vegetables}",0.00569395017793594,0.523364485981308,0.0108795119471276,2.7048290696932,56
"{chicken,other vegetables} => {root vegetables}",0.00569395017793594,0.318181818181818,0.0178952719877987,2.91914009497965,56
"{chicken,root vegetables} => {whole milk}",0.00599898322318251,0.551401869158878,0.0108795119471276,2.15799338765522,59
"{chicken,whole milk} => {root vegetables}",0.00599898322318251,0.341040462427746,0.0175902389425521,3.12885536191873,59
"{chicken,rolls/buns} => {whole milk}",0.00528723945094052,0.547368421052632,0.00965937976614133,2.14220788740654,52
"{chicken,whole milk} => {rolls/buns}",0.00528723945094052,0.300578034682081,0.0175902389425521,1.63415421287909,52
"{chicken,other vegetables} => {whole milk}",0.00843924758515506,0.471590909090909,0.0178952719877987,1.84564130159534,83
"{chicken,whole milk} => {other vegetables}",0.00843924758515506,0.479768786127168,0.0175902389425521,2.47951971180278,83
"{other vegetables,white bread} => {whole milk}",0.00589730554143366,0.42962962962963,0.0137264870360956,1.68141958114103,58
"{white bread,whole milk} => {other vegetables}",0.00589730554143366,0.345238095238095,0.0170818505338078,1.78424417586267,58
"{chocolate,soda} => {whole milk}",0.00508388408744281,0.37593984962406,0.0135231316725979,1.47129662596603,50
"{chocolate,whole milk} => {soda}",0.00508388408744281,0.304878048780488,0.0166751398068124,1.74838227974116,50
"{chocolate,other vegetables} => {whole milk}",0.00549059481443823,0.432,0.012709710218607,1.69069637883008,54
"{chocolate,whole milk} => {other vegetables}",0.00549059481443823,0.329268292682927,0.0166751398068124,1.70170975225254,54
"{coffee,yogurt} => {whole milk}",0.00508388408744281,0.520833333333333,0.00976105744789019,2.03835886722377,50
"{coffee,whole milk} => {yogurt}",0.00508388408744281,0.271739130434783,0.0187086934417895,1.94792590949423,50
"{coffee,other vegetables} => {whole milk}",0.00640569395017794,0.477272727272727,0.013421453990849,1.86787794378324,63
"{coffee,whole milk} => {other vegetables}",0.00640569395017794,0.342391304347826,0.0187086934417895,1.76953151774087,63
"{frozen vegetables,root vegetables} => {other vegetables}",0.00610066090493137,0.526315789473684,0.0115912557193696,2.72008186519899,60
"{frozen vegetables,other vegetables} => {root vegetables}",0.00610066090493137,0.342857142857143,0.0177935943060498,3.1455223880597,60
"{frozen vegetables,root vegetables} => {whole milk}",0.00620233858668022,0.535087719298246,0.0115912557193696,2.09414553095831,61
"{frozen vegetables,whole milk} => {root vegetables}",0.00620233858668022,0.303482587064677,0.0204372140315201,2.78428287666147,61
"{frozen vegetables,yogurt} => {other vegetables}",0.00528723945094052,0.426229508196721,0.0124046771733604,2.20282039575132,52
"{frozen vegetables,other vegetables} => {yogurt}",0.00528723945094052,0.297142857142857,0.0177935943060498,2.13002915451895,52
"{frozen vegetables,yogurt} => {whole milk}",0.00610066090493137,0.491803278688525,0.0124046771733604,1.9247454221654,60
"{frozen vegetables,whole milk} => {yogurt}",0.00610066090493137,0.298507462686567,0.0204372140315201,2.13981114833993,60
"{frozen vegetables,rolls/buns} => {whole milk}",0.00508388408744281,0.5,0.0101677681748856,1.95682451253482,50
"{frozen vegetables,other vegetables} => {whole milk}",0.00965937976614133,0.542857142857143,0.0177935943060498,2.12455232789495,95
"{frozen vegetables,whole milk} => {other vegetables}",0.00965937976614133,0.472636815920398,0.0204372140315201,2.44266058043989,95
"{beef,root vegetables} => {other vegetables}",0.00793085917641078,0.456140350877193,0.0173868835790544,2.35740428317246,78
"{beef,other vegetables} => {root vegetables}",0.00793085917641078,0.402061855670103,0.0197254702592781,3.68869249115248,78
"{beef,root vegetables} => {whole milk}",0.00803253685815963,0.461988304093567,0.0173868835790544,1.80806007590936,79
"{beef,whole milk} => {root vegetables}",0.00803253685815963,0.37799043062201,0.0212506354855109,3.46785063914875,79
"{beef,yogurt} => {other vegetables}",0.00518556176919166,0.443478260869565,0.0116929334011185,2.29196463250246,51
"{beef,other vegetables} => {yogurt}",0.00518556176919166,0.262886597938144,0.0197254702592781,1.88446770460762,51
"{beef,yogurt} => {whole milk}",0.00610066090493137,0.521739130434783,0.0116929334011185,2.04190383916677,60
"{beef,whole milk} => {yogurt}",0.00610066090493137,0.287081339712919,0.0212506354855109,2.05790450151352,60
"{beef,rolls/buns} => {other vegetables}",0.0057956278596848,0.425373134328358,0.0136248093543467,2.1983945223959,57
"{beef,other vegetables} => {rolls/buns}",0.0057956278596848,0.293814432989691,0.0197254702592781,1.5973825032911,57
"{beef,rolls/buns} => {whole milk}",0.00681240467717336,0.5,0.0136248093543467,1.95682451253482,67
"{beef,whole milk} => {rolls/buns}",0.00681240467717336,0.320574162679426,0.0212506354855109,1.74286726918306,67
"{beef,other vegetables} => {whole milk}",0.00925266903914591,0.469072164948454,0.0197254702592781,1.83578382103782,91
"{beef,whole milk} => {other vegetables}",0.00925266903914591,0.435406698564593,0.0212506354855109,2.25024954302826,91
"{curd,whipped/sour cream} => {whole milk}",0.00589730554143366,0.563106796116505,0.0104728012201322,2.20380236363145,58
"{curd,tropical fruit} => {yogurt}",0.00528723945094052,0.514851485148515,0.0102694458566345,3.69064457466155,52
"{curd,yogurt} => {tropical fruit}",0.00528723945094052,0.305882352941176,0.0172852058973055,2.91507067943456,52
"{curd,tropical fruit} => {other vegetables}",0.00528723945094052,0.514851485148515,0.0102694458566345,2.66083255724416,52
"{curd,other vegetables} => {tropical fruit}",0.00528723945094052,0.307692307692308,0.0171835282155567,2.93231961836613,52
"{curd,tropical fruit} => {whole milk}",0.00650737163192679,0.633663366336634,0.0102694458566345,2.47993601588571,64
"{curd,root vegetables} => {other vegetables}",0.00549059481443823,0.504672897196262,0.0108795119471276,2.60822803148988,54
"{curd,other vegetables} => {root vegetables}",0.00549059481443823,0.319526627218935,0.0171835282155567,2.93147796520357,54
"{curd,root vegetables} => {whole milk}",0.00620233858668022,0.570093457943925,0.0108795119471276,2.23114570588082,61
"{curd,yogurt} => {other vegetables}",0.00610066090493137,0.352941176470588,0.0172852058973055,1.82405489783932,60
"{curd,other vegetables} => {yogurt}",0.00610066090493137,0.355029585798817,0.0171835282155567,2.54498249003743,60
"{curd,yogurt} => {whole milk}",0.0100660904931368,0.582352941176471,0.0172852058973055,2.27912502048173,99
"{curd,whole milk} => {yogurt}",0.0100660904931368,0.385214007782101,0.026131164209456,2.76135551496863,99
"{curd,rolls/buns} => {whole milk}",0.00589730554143366,0.585858585858586,0.0100660904931368,2.29284488337413,58
"{curd,other vegetables} => {whole milk}",0.00986273512963904,0.57396449704142,0.0171835282155567,2.24629559427074,97
"{curd,whole milk} => {other vegetables}",0.00986273512963904,0.377431906614786,0.026131164209456,1.95062680060768,97
"{napkins,yogurt} => {whole milk}",0.00610066090493137,0.495867768595041,0.0123029994916116,1.94065240912544,60
"{napkins,whole milk} => {yogurt}",0.00610066090493137,0.309278350515464,0.0197254702592781,2.21702082895014,60
"{napkins,rolls/buns} => {whole milk}",0.00528723945094052,0.452173913043478,0.0116929334011185,1.76964999394453,52
"{napkins,whole milk} => {rolls/buns}",0.00528723945094052,0.268041237113402,0.0197254702592781,1.45726123107259,52
"{napkins,other vegetables} => {whole milk}",0.00681240467717336,0.471830985915493,0.0144382308083376,1.84658087802581,67
"{napkins,whole milk} => {other vegetables}",0.00681240467717336,0.345360824742268,0.0197254702592781,1.78487846103006,67
"{pork,root vegetables} => {other vegetables}",0.00701576004067107,0.514925373134328,0.0136248093543467,2.66121442184767,69
"{other vegetables,pork} => {root vegetables}",0.00701576004067107,0.323943661971831,0.0216573462125064,2.97200178684045,69
"{pork,root vegetables} => {whole milk}",0.00681240467717336,0.5,0.0136248093543467,1.95682451253482,67
"{pork,whole milk} => {root vegetables}",0.00681240467717336,0.307339449541284,0.0221657346212506,2.81966743119266,67
"{pork,rolls/buns} => {other vegetables}",0.00559227249618709,0.495495495495495,0.011286222674123,2.56079779201166,55
"{other vegetables,pork} => {rolls/buns}",0.00559227249618709,0.258215962441315,0.0216573462125064,1.40384410757895,55
"{pork,rolls/buns} => {whole milk}",0.00620233858668022,0.54954954954955,0.011286222674123,2.15074405882205,61
"{pork,whole milk} => {rolls/buns}",0.00620233858668022,0.279816513761468,0.0221657346212506,1.52127994076508,61
"{other vegetables,pork} => {whole milk}",0.0101677681748856,0.469483568075117,0.0216573462125064,1.8373939084834,100
"{pork,whole milk} => {other vegetables}",0.0101677681748856,0.458715596330275,0.0221657346212506,2.37071355223766,100
"{frankfurter,tropical fruit} => {whole milk}",0.00518556176919166,0.548387096774194,0.00945602440264362,2.14619462665109,51
"{frankfurter,whole milk} => {tropical fruit}",0.00518556176919166,0.252475247524752,0.0205388917132689,2.4060988947732,51
"{frankfurter,root vegetables} => {whole milk}",0.00508388408744281,0.5,0.0101677681748856,1.95682451253482,50
"{frankfurter,yogurt} => {whole milk}",0.00620233858668022,0.554545454545455,0.0111845449923742,2.17029627753862,61
"{frankfurter,whole milk} => {yogurt}",0.00620233858668022,0.301980198019802,0.0205388917132689,2.16470499090725,61
"{frankfurter,rolls/buns} => {other vegetables}",0.00559227249618709,0.291005291005291,0.0192170818505338,1.50396060800685,55
"{frankfurter,other vegetables} => {rolls/buns}",0.00559227249618709,0.339506172839506,0.0164717844433147,1.84579503033529,55
"{frankfurter,rolls/buns} => {whole milk}",0.00599898322318251,0.312169312169312,0.0192170818505338,1.22172112422809,59
"{frankfurter,whole milk} => {rolls/buns}",0.00599898322318251,0.292079207920792,0.0205388917132689,1.58794859585461,59
"{frankfurter,other vegetables} => {whole milk}",0.00762582613116421,0.462962962962963,0.0164717844433147,1.81187454864335,75
"{frankfurter,whole milk} => {other vegetables}",0.00762582613116421,0.371287128712871,0.0205388917132689,1.918869632628,75
"{bottled beer,bottled water} => {soda}",0.00508388408744281,0.32258064516129,0.0157600406710727,1.84990125082291,50
"{bottled beer,soda} => {bottled water}",0.00508388408744281,0.29940119760479,0.016980172852059,2.70893355882531,50
"{bottled beer,bottled water} => {whole milk}",0.00610066090493137,0.387096774193548,0.0157600406710727,1.51496091293018,60
"{bottled beer,whole milk} => {bottled water}",0.00610066090493137,0.298507462686567,0.0204372140315201,2.700847189993,60
"{bottled beer,yogurt} => {whole milk}",0.00518556176919166,0.56043956043956,0.00925266903914591,2.19336373932474,51
"{bottled beer,whole milk} => {yogurt}",0.00518556176919166,0.253731343283582,0.0204372140315201,1.81883947608894,51
"{bottled beer,rolls/buns} => {whole milk}",0.00538891713268937,0.395522388059701,0.0136248093543467,1.54793580842307,53
"{bottled beer,whole milk} => {rolls/buns}",0.00538891713268937,0.263681592039801,0.0204372140315201,1.43355912532418,53
"{bottled beer,other vegetables} => {whole milk}",0.00762582613116421,0.471698113207547,0.0161667513980681,1.8460608608819,75
"{bottled beer,whole milk} => {other vegetables}",0.00762582613116421,0.373134328358209,0.0204372140315201,1.9284162477157,75
"{brown bread,tropical fruit} => {whole milk}",0.00569395017793594,0.533333333333333,0.0106761565836299,2.08727948003714,56
"{brown bread,root vegetables} => {whole milk}",0.00569395017793594,0.56,0.0101677681748856,2.191643454039,56
"{brown bread,soda} => {whole milk}",0.00508388408744281,0.403225806451613,0.0126080325368582,1.57808428430227,50
"{brown bread,yogurt} => {other vegetables}",0.00518556176919166,0.356643356643357,0.0145399084900864,1.84318834082365,51
"{brown bread,other vegetables} => {yogurt}",0.00518556176919166,0.277173913043478,0.0187086934417895,1.98688442768412,51
"{brown bread,yogurt} => {whole milk}",0.00711743772241993,0.48951048951049,0.0145399084900864,1.91577225003409,70
"{brown bread,whole milk} => {yogurt}",0.00711743772241993,0.282258064516129,0.0252160650737163,2.02332949308756,70
"{brown bread,rolls/buns} => {whole milk}",0.00528723945094052,0.419354838709677,0.0126080325368582,1.64120765567436,52
"{brown bread,other vegetables} => {whole milk}",0.00935434672089476,0.5,0.0187086934417895,1.95682451253482,92
"{brown bread,whole milk} => {other vegetables}",0.00935434672089476,0.370967741935484,0.0252160650737163,1.91721899208381,92
"{domestic eggs,margarine} => {whole milk}",0.00518556176919166,0.621951219512195,0.0083375699034062,2.43409878388477,51
"{margarine,root vegetables} => {other vegetables}",0.00589730554143366,0.532110091743119,0.0110828673106253,2.75002772059568,58
"{margarine,other vegetables} => {root vegetables}",0.00589730554143366,0.298969072164948,0.0197254702592781,2.74287390367749,58
"{margarine,yogurt} => {other vegetables}",0.00569395017793594,0.4,0.0142348754448399,2.06726221755123,56
"{margarine,other vegetables} => {yogurt}",0.00569395017793594,0.288659793814433,0.0197254702592781,2.06921944035346,56
"{margarine,yogurt} => {whole milk}",0.00701576004067107,0.492857142857143,0.0142348754448399,1.92886987664146,69
"{margarine,whole milk} => {yogurt}",0.00701576004067107,0.289915966386555,0.0241992882562278,2.07822414680158,69
"{margarine,rolls/buns} => {other vegetables}",0.00518556176919166,0.351724137931034,0.0147432638535841,1.81776505336402,51
"{margarine,other vegetables} => {rolls/buns}",0.00518556176919166,0.262886597938144,0.0197254702592781,1.42923697662888,51
"{margarine,rolls/buns} => {whole milk}",0.00793085917641078,0.537931034482759,0.0147432638535841,2.10527326865815,78
"{margarine,whole milk} => {rolls/buns}",0.00793085917641078,0.327731092436975,0.0241992882562278,1.78177738757194,78
"{margarine,other vegetables} => {whole milk}",0.00925266903914591,0.469072164948454,0.0197254702592781,1.83578382103782,91
"{margarine,whole milk} => {other vegetables}",0.00925266903914591,0.382352941176471,0.0241992882562278,1.97605947265927,91
"{butter,domestic eggs} => {whole milk}",0.00599898322318251,0.621052631578947,0.00965937976614133,2.43058202609588,59
"{butter,whipped/sour cream} => {other vegetables}",0.0057956278596848,0.57,0.0101677681748856,2.94584866001051,57
"{butter,other vegetables} => {whipped/sour cream}",0.0057956278596848,0.289340101522843,0.0200305033045247,4.03639701911654,57
"{butter,whipped/sour cream} => {whole milk}",0.0067107269954245,0.66,0.0101677681748856,2.58300835654596,66
"{butter,citrus fruit} => {whole milk}",0.00508388408744281,0.555555555555556,0.00915099135739705,2.17424945837202,50
"{bottled water,butter} => {whole milk}",0.00538891713268937,0.602272727272727,0.00894763599389934,2.35708407191694,53
"{butter,tropical fruit} => {other vegetables}",0.00549059481443823,0.551020408163265,0.0099644128113879,2.84775917723895,54
"{butter,other vegetables} => {tropical fruit}",0.00549059481443823,0.274111675126904,0.0200305033045247,2.61229488844292,54
"{butter,tropical fruit} => {whole milk}",0.00620233858668022,0.622448979591837,0.0099644128113879,2.43604684213518,61
"{butter,root vegetables} => {other vegetables}",0.00660904931367565,0.511811023622047,0.0129130655821047,2.6451189791502,65
"{butter,other vegetables} => {root vegetables}",0.00660904931367565,0.32994923857868,0.0200305033045247,3.0270995908781,65
"{butter,root vegetables} => {whole milk}",0.00823589222165735,0.637795275590551,0.0129130655821047,2.49610685850898,81
"{butter,whole milk} => {root vegetables}",0.00823589222165735,0.298892988929889,0.02755465175394,2.74217588257972,81
"{butter,yogurt} => {other vegetables}",0.00640569395017794,0.4375,0.0146415861718353,2.26106805044666,63
"{butter,other vegetables} => {yogurt}",0.00640569395017794,0.319796954314721,0.0200305033045247,2.29242204496012,63
"{butter,yogurt} => {whole milk}",0.00935434672089476,0.638888888888889,0.0146415861718353,2.50038687712782,92
"{butter,whole milk} => {yogurt}",0.00935434672089476,0.339483394833948,0.02755465175394,2.4335416823556,92
"{butter,rolls/buns} => {other vegetables}",0.00569395017793594,0.424242424242424,0.013421453990849,2.19255083679676,56
"{butter,other vegetables} => {rolls/buns}",0.00569395017793594,0.284263959390863,0.0200305033045247,1.54545939226597,56
"{butter,rolls/buns} => {whole milk}",0.00660904931367565,0.492424242424242,0.013421453990849,1.92717565628429,65
"{butter,other vegetables} => {whole milk}",0.0114895780376207,0.573604060913706,0.0200305033045247,2.24488497377091,113
"{butter,whole milk} => {other vegetables}",0.0114895780376207,0.416974169741697,0.02755465175394,2.15498736700452,113
"{newspapers,tropical fruit} => {whole milk}",0.00508388408744281,0.431034482758621,0.0117946110828673,1.68691768321967,50
"{newspapers,root vegetables} => {other vegetables}",0.00599898322318251,0.52212389380531,0.0114895780376207,2.69841749636113,59
"{newspapers,other vegetables} => {root vegetables}",0.00599898322318251,0.310526315789474,0.0193187595322827,2.848905145326,59
"{newspapers,root vegetables} => {whole milk}",0.0057956278596848,0.504424778761062,0.0114895780376207,1.9741415436192,57
"{newspapers,yogurt} => {rolls/buns}",0.00508388408744281,0.33112582781457,0.0153533299440773,1.80023356360215,50
"{newspapers,rolls/buns} => {yogurt}",0.00508388408744281,0.257731958762887,0.0197254702592781,1.84751735745845,50
"{newspapers,yogurt} => {other vegetables}",0.00559227249618709,0.364238410596026,0.0153533299440773,1.8824407610152,55
"{newspapers,other vegetables} => {yogurt}",0.00559227249618709,0.289473684210526,0.0193187595322827,2.0750537056928,55
"{newspapers,yogurt} => {whole milk}",0.00660904931367565,0.43046357615894,0.0153533299440773,1.68468335516243,65
"{newspapers,rolls/buns} => {other vegetables}",0.00549059481443823,0.278350515463918,0.0197254702592781,1.43855875963617,54
"{newspapers,other vegetables} => {rolls/buns}",0.00549059481443823,0.284210526315789,0.0193187595322827,1.5451688923802,54
"{newspapers,rolls/buns} => {whole milk}",0.00762582613116421,0.38659793814433,0.0197254702592781,1.51300864371249,75
"{newspapers,whole milk} => {rolls/buns}",0.00762582613116421,0.278810408921933,0.0273512963904423,1.51581004518917,75
"{newspapers,other vegetables} => {whole milk}",0.0083375699034062,0.431578947368421,0.0193187595322827,1.689048526609,82
"{newspapers,whole milk} => {other vegetables}",0.0083375699034062,0.304832713754647,0.0273512963904423,1.57542287954648,82
"{domestic eggs,whipped/sour cream} => {other vegetables}",0.00508388408744281,0.510204081632653,0.0099644128113879,2.63681405299902,50
"{domestic eggs,whipped/sour cream} => {whole milk}",0.00569395017793594,0.571428571428571,0.0099644128113879,2.23637087146836,56
"{domestic eggs,pip fruit} => {whole milk}",0.00538891713268937,0.623529411764706,0.00864260294865277,2.44027527445519,53
"{citrus fruit,domestic eggs} => {whole milk}",0.00569395017793594,0.549019607843137,0.0103711235383833,2.14867005297941,56
"{domestic eggs,tropical fruit} => {whole milk}",0.00691408235892222,0.607142857142857,0.0113879003558719,2.37614405093514,68
"{domestic eggs,root vegetables} => {other vegetables}",0.00732079308591764,0.51063829787234,0.0143365531265887,2.63905815006541,72
"{domestic eggs,other vegetables} => {root vegetables}",0.00732079308591764,0.328767123287671,0.0222674123029995,3.01625434471478,72
"{domestic eggs,root vegetables} => {whole milk}",0.00854092526690392,0.595744680851064,0.0143365531265887,2.33153558940319,84
"{domestic eggs,whole milk} => {root vegetables}",0.00854092526690392,0.284745762711864,0.0299949161159126,2.61238300025297,84
"{domestic eggs,soda} => {other vegetables}",0.00508388408744281,0.409836065573771,0.0124046771733604,2.11809653437626,50
"{domestic eggs,soda} => {whole milk}",0.00518556176919166,0.418032786885246,0.0124046771733604,1.63603360884059,51
"{domestic eggs,yogurt} => {other vegetables}",0.0057956278596848,0.404255319148936,0.0143365531265887,2.08925436880178,57
"{domestic eggs,other vegetables} => {yogurt}",0.0057956278596848,0.26027397260274,0.0222674123029995,1.86573944646352,57
"{domestic eggs,yogurt} => {whole milk}",0.00772750381291307,0.539007092198582,0.0143365531265887,2.1094845808886,76
"{domestic eggs,whole milk} => {yogurt}",0.00772750381291307,0.257627118644068,0.0299949161159126,1.84676582497406,76
"{domestic eggs,rolls/buns} => {other vegetables}",0.00589730554143366,0.376623376623377,0.0156583629893238,1.94644819185019,58
"{domestic eggs,other vegetables} => {rolls/buns}",0.00589730554143366,0.264840182648402,0.0222674123029995,1.43985804109841,58
"{domestic eggs,rolls/buns} => {whole milk}",0.00660904931367565,0.422077922077922,0.0156583629893238,1.65186484824368,65
"{domestic eggs,other vegetables} => {whole milk}",0.0123029994916116,0.552511415525114,0.0222674123029995,2.16233576270971,121
"{domestic eggs,whole milk} => {other vegetables}",0.0123029994916116,0.410169491525424,0.0299949161159126,2.11981973155677,121
"{bottled water,fruit/vegetable juice} => {soda}",0.00518556176919166,0.364285714285714,0.0142348754448399,2.08906705539359,51
"{fruit/vegetable juice,soda} => {bottled water}",0.00518556176919166,0.281767955801105,0.018403660396543,2.54939084204588,51
"{bottled water,fruit/vegetable juice} => {whole milk}",0.0057956278596848,0.407142857142857,0.0142348754448399,1.59341424592121,57
"{fruit/vegetable juice,tropical fruit} => {other vegetables}",0.00660904931367565,0.481481481481481,0.0137264870360956,2.48837118779315,65
"{fruit/vegetable juice,other vegetables} => {tropical fruit}",0.00660904931367565,0.314009661835749,0.0210472801220132,2.99252424821181,65
"{fruit/vegetable juice,tropical fruit} => {whole milk}",0.00599898322318251,0.437037037037037,0.0137264870360956,1.71040957391932,59
"{fruit/vegetable juice,root vegetables} => {other vegetables}",0.00660904931367565,0.550847457627119,0.011997966446365,2.84686534196674,65
"{fruit/vegetable juice,other vegetables} => {root vegetables}",0.00660904931367565,0.314009661835749,0.0210472801220132,2.88086289566659,65
"{fruit/vegetable juice,root vegetables} => {whole milk}",0.00650737163192679,0.542372881355932,0.011997966446365,2.12265709834285,64
"{fruit/vegetable juice,soda} => {yogurt}",0.00508388408744281,0.276243093922652,0.018403660396543,1.98021197429248,50
"{fruit/vegetable juice,yogurt} => {soda}",0.00508388408744281,0.271739130434783,0.0187086934417895,1.55834072759539,50
"{fruit/vegetable juice,soda} => {whole milk}",0.00610066090493137,0.331491712707182,0.018403660396543,1.29734221825513,60
"{fruit/vegetable juice,yogurt} => {other vegetables}",0.00823589222165735,0.440217391304348,0.0187086934417895,2.27511195138111,81
"{fruit/vegetable juice,other vegetables} => {yogurt}",0.00823589222165735,0.391304347826087,0.0210472801220132,2.8050133096717,81
"{fruit/vegetable juice,yogurt} => {whole milk}",0.00945602440264362,0.505434782608696,0.0187086934417895,1.97809434419281,93
"{fruit/vegetable juice,whole milk} => {yogurt}",0.00945602440264362,0.354961832061069,0.0266395526182003,2.54449680635613,93
"{fruit/vegetable juice,rolls/buns} => {whole milk}",0.00559227249618709,0.384615384615385,0.0145399084900864,1.50524962502678,55
"{fruit/vegetable juice,other vegetables} => {whole milk}",0.0104728012201322,0.497584541062802,0.0210472801220132,1.94737125402016,103
"{fruit/vegetable juice,whole milk} => {other vegetables}",0.0104728012201322,0.393129770992366,0.0266395526182003,2.03175580541772,103
"{pip fruit,whipped/sour cream} => {other vegetables}",0.00559227249618709,0.604395604395604,0.00925266903914591,3.12361049355269,55
"{pip fruit,whipped/sour cream} => {whole milk}",0.00599898322318251,0.648351648351648,0.00925266903914591,2.53742079647372,59
"{citrus fruit,whipped/sour cream} => {other vegetables}",0.00569395017793594,0.523364485981308,0.0108795119471276,2.7048290696932,56
"{citrus fruit,whipped/sour cream} => {whole milk}",0.00630401626842908,0.579439252336449,0.0108795119471276,2.26772186499362,62
"{sausage,whipped/sour cream} => {whole milk}",0.00508388408744281,0.561797752808989,0.00904931367564819,2.19867922756721,50
"{tropical fruit,whipped/sour cream} => {yogurt}",0.00620233858668022,0.448529411764706,0.0138281647178444,3.21522358943577,61
"{whipped/sour cream,yogurt} => {tropical fruit}",0.00620233858668022,0.299019607843137,0.0207422470767667,2.84966845265238,61
"{tropical fruit,whipped/sour cream} => {other vegetables}",0.00782918149466192,0.566176470588235,0.0138281647178444,2.92608806528392,77
"{other vegetables,whipped/sour cream} => {tropical fruit}",0.00782918149466192,0.27112676056338,0.0288764616166751,2.58384853695818,77
"{tropical fruit,whipped/sour cream} => {whole milk}",0.00793085917641078,0.573529411764706,0.0138281647178444,2.2445928232017,78
"{root vegetables,whipped/sour cream} => {yogurt}",0.00640569395017794,0.375,0.0170818505338078,2.68813775510204,63
"{whipped/sour cream,yogurt} => {root vegetables}",0.00640569395017794,0.308823529411765,0.0207422470767667,2.8332830333626,63
"{root vegetables,whipped/sour cream} => {other vegetables}",0.00854092526690392,0.5,0.0170818505338078,2.58407777193904,84
"{other vegetables,whipped/sour cream} => {root vegetables}",0.00854092526690392,0.295774647887324,0.0288764616166751,2.71356684885432,84
"{root vegetables,whipped/sour cream} => {whole milk}",0.00945602440264362,0.553571428571429,0.0170818505338078,2.16648428173498,93
"{whipped/sour cream,whole milk} => {root vegetables}",0.00945602440264362,0.293375394321767,0.0322318251143874,2.69155504025613,93
"{soda,whipped/sour cream} => {whole milk}",0.00549059481443823,0.473684210526316,0.0115912557193696,1.8538337487172,54
"{whipped/sour cream,yogurt} => {other vegetables}",0.0101677681748856,0.490196078431373,0.0207422470767667,2.5334095803324,100
"{other vegetables,whipped/sour cream} => {yogurt}",0.0101677681748856,0.352112676056338,0.0288764616166751,2.52407300948548,100
"{whipped/sour cream,yogurt} => {whole milk}",0.0108795119471276,0.524509803921569,0.0207422470767666,2.05274728275711,107
"{whipped/sour cream,whole milk} => {yogurt}",0.0108795119471276,0.337539432176656,0.0322318251143874,2.4196066439194,107
"{rolls/buns,whipped/sour cream} => {other vegetables}",0.0067107269954245,0.458333333333333,0.0146415861718353,2.36873795761079,66
"{rolls/buns,whipped/sour cream} => {whole milk}",0.00782918149466192,0.534722222222222,0.0146415861718353,2.09271510368307,77
"{other vegetables,whipped/sour cream} => {whole milk}",0.0146415861718353,0.507042253521127,0.0288764616166751,1.98438542116207,144
"{whipped/sour cream,whole milk} => {other vegetables}",0.0146415861718353,0.454258675078864,0.0322318251143874,2.34767948996355,144
"{pastry,pip fruit} => {whole milk}",0.00508388408744281,0.476190476190476,0.0106761565836299,1.8636423928903,50
"{citrus fruit,pip fruit} => {tropical fruit}",0.00559227249618709,0.404411764705882,0.0138281647178444,3.85405979252166,55
"{pip fruit,tropical fruit} => {citrus fruit}",0.00559227249618709,0.27363184079602,0.0204372140315201,3.30610461207476,55
"{citrus fruit,tropical fruit} => {pip fruit}",0.00559227249618709,0.280612244897959,0.0199288256227758,3.70943740399386,55
"{citrus fruit,pip fruit} => {other vegetables}",0.00589730554143366,0.426470588235294,0.0138281647178444,2.20406633488918,58
"{citrus fruit,pip fruit} => {whole milk}",0.00518556176919166,0.375,0.0138281647178444,1.46761838440111,51
"{pip fruit,sausage} => {whole milk}",0.00559227249618709,0.518867924528302,0.0107778342653787,2.0306669469701,55
"{pip fruit,tropical fruit} => {root vegetables}",0.00528723945094052,0.258706467661692,0.0204372140315201,2.37348704239994,52
"{pip fruit,root vegetables} => {tropical fruit}",0.00528723945094052,0.339869281045752,0.015556685307575,3.23896742159396,52
"{root vegetables,tropical fruit} => {pip fruit}",0.00528723945094052,0.251207729468599,0.0210472801220132,3.32073658511246,52
"{pip fruit,tropical fruit} => {yogurt}",0.00640569395017794,0.313432835820896,0.0204372140315201,2.24680170575693,63
"{pip fruit,yogurt} => {tropical fruit}",0.00640569395017794,0.355932203389831,0.0179969496695475,3.39204769412692,63
"{pip fruit,tropical fruit} => {other vegetables}",0.00945602440264362,0.462686567164179,0.0204372140315201,2.39123614716747,93
"{other vegetables,pip fruit} => {tropical fruit}",0.00945602440264362,0.361867704280156,0.026131164209456,3.44861324766989,93
"{other vegetables,tropical fruit} => {pip fruit}",0.00945602440264362,0.263456090651558,0.0358922216573462,3.48264872521246,93
"{pip fruit,tropical fruit} => {whole milk}",0.00843924758515506,0.412935323383085,0.0204372140315201,1.61608392577502,83
"{pip fruit,whole milk} => {tropical fruit}",0.00843924758515506,0.280405405405405,0.0300965937976614,2.67227438194008,83
"{pip fruit,root vegetables} => {yogurt}",0.00528723945094052,0.339869281045752,0.015556685307575,2.43630785647592,52
"{pip fruit,yogurt} => {root vegetables}",0.00528723945094052,0.293785310734463,0.0179969496695475,2.6953157939118,52
"{pip fruit,root vegetables} => {other vegetables}",0.00813421453990849,0.522875816993464,0.015556685307575,2.70230355235456,80
"{other vegetables,pip fruit} => {root vegetables}",0.00813421453990849,0.311284046692607,0.026131164209456,2.85585690225913,80
"{pip fruit,root vegetables} => {whole milk}",0.00894763599389934,0.57516339869281,0.015556685307575,2.25098767454986,88
"{pip fruit,whole milk} => {root vegetables}",0.00894763599389934,0.297297297297297,0.0300965937976614,2.72753630496168,88
"{pip fruit,yogurt} => {other vegetables}",0.00813421453990849,0.451977401129944,0.0179969496695475,2.33588951135733,80
"{other vegetables,pip fruit} => {yogurt}",0.00813421453990849,0.311284046692607,0.026131164209456,2.23139839593425,80
"{pip fruit,yogurt} => {whole milk}",0.00955770208439248,0.531073446327684,0.0179969496695475,2.07843507546071,94
"{pip fruit,whole milk} => {yogurt}",0.00955770208439248,0.317567567567568,0.0300965937976614,2.27644098179812,94
"{pip fruit,rolls/buns} => {other vegetables}",0.00508388408744281,0.364963503649635,0.0139298423995933,1.88618815470003,50
"{pip fruit,rolls/buns} => {whole milk}",0.00620233858668022,0.445255474452555,0.0139298423995933,1.74257365349816,61
"{other vegetables,pip fruit} => {whole milk}",0.0135231316725979,0.517509727626459,0.026131164209456,2.02535144098935,133
"{pip fruit,whole milk} => {other vegetables}",0.0135231316725979,0.449324324324324,0.0300965937976614,2.32217799775603,133
"{pastry,sausage} => {whole milk}",0.00569395017793594,0.455284552845528,0.0125063548551093,1.78182394637317,56
"{pastry,tropical fruit} => {other vegetables}",0.00508388408744281,0.384615384615385,0.0132180986273513,1.9877521322608,50
"{pastry,tropical fruit} => {whole milk}",0.0067107269954245,0.507692307692308,0.0132180986273513,1.98692950503535,66
"{pastry,root vegetables} => {other vegetables}",0.00589730554143366,0.537037037037037,0.0109811896288765,2.77549094023083,58
"{other vegetables,pastry} => {root vegetables}",0.00589730554143366,0.261261261261261,0.0225724453482461,2.3969258437542,58
"{pastry,root vegetables} => {whole milk}",0.00569395017793594,0.518518518518518,0.0109811896288765,2.02929949448055,56
"{pastry,soda} => {rolls/buns}",0.00538891713268937,0.256038647342995,0.0210472801220132,1.39200668690899,53
"{pastry,rolls/buns} => {soda}",0.00538891713268937,0.257281553398058,0.0209456024402644,1.47543094907866,53
"{pastry,soda} => {other vegetables}",0.00549059481443823,0.260869565217391,0.0210472801220132,1.34821448970733,54
"{pastry,soda} => {whole milk}",0.00823589222165735,0.391304347826087,0.0210472801220132,1.53142787937508,81
"{pastry,yogurt} => {rolls/buns}",0.0057956278596848,0.327586206896552,0.017691916624301,1.78098968757744,57
"{pastry,rolls/buns} => {yogurt}",0.0057956278596848,0.276699029126214,0.0209456024402644,1.98348028531801,57
"{pastry,yogurt} => {other vegetables}",0.00660904931367565,0.373563218390805,0.017691916624301,1.93063281811538,65
"{other vegetables,pastry} => {yogurt}",0.00660904931367565,0.292792792792793,0.0225724453482461,2.09884629527487,65
"{pastry,yogurt} => {whole milk}",0.00915099135739705,0.517241379310345,0.017691916624301,2.02430121986361,90
"{pastry,whole milk} => {yogurt}",0.00915099135739705,0.275229357798165,0.033248601931876,1.9729451413593,90
"{pastry,rolls/buns} => {other vegetables}",0.00610066090493137,0.29126213592233,0.0209456024402644,1.50528802248876,60
"{other vegetables,pastry} => {rolls/buns}",0.00610066090493137,0.27027027027027,0.0225724453482461,1.46937982758878,60
"{pastry,rolls/buns} => {whole milk}",0.00854092526690392,0.407766990291262,0.0209456024402644,1.59585688400898,84
"{pastry,whole milk} => {rolls/buns}",0.00854092526690392,0.256880733944954,0.033248601931876,1.39658486365319,84
"{other vegetables,pastry} => {whole milk}",0.010574478901881,0.468468468468468,0.0225724453482461,1.83342116489749,104
"{pastry,whole milk} => {other vegetables}",0.010574478901881,0.318042813455657,0.033248601931876,1.64369472955144,104
"{bottled water,citrus fruit} => {other vegetables}",0.00508388408744281,0.37593984962406,0.0135231316725979,1.94291561799928,50
"{bottled water,citrus fruit} => {whole milk}",0.00589730554143366,0.43609022556391,0.0135231316725979,1.70670408612059,58
"{citrus fruit,tropical fruit} => {root vegetables}",0.00569395017793594,0.285714285714286,0.0199288256227758,2.62126865671642,56
"{citrus fruit,root vegetables} => {tropical fruit}",0.00569395017793594,0.32183908045977,0.017691916624301,3.06713891116457,56
"{root vegetables,tropical fruit} => {citrus fruit}",0.00569395017793594,0.270531400966184,0.0210472801220132,3.26864413820936,56
"{citrus fruit,tropical fruit} => {yogurt}",0.00630401626842908,0.316326530612245,0.0199288256227758,2.26754477301125,62
"{citrus fruit,yogurt} => {tropical fruit}",0.00630401626842908,0.291079812206573,0.0216573462125064,2.7740018924919,62
"{citrus fruit,tropical fruit} => {other vegetables}",0.0090493136756482,0.454081632653061,0.0199288256227758,2.34676450716913,89
"{citrus fruit,other vegetables} => {tropical fruit}",0.0090493136756482,0.313380281690141,0.0288764616166751,2.98652623102959,89
"{other vegetables,tropical fruit} => {citrus fruit}",0.0090493136756482,0.252124645892351,0.0358922216573462,3.04624802500157,89
"{citrus fruit,tropical fruit} => {whole milk}",0.0090493136756482,0.454081632653061,0.0199288256227758,1.77711613893468,89
"{citrus fruit,whole milk} => {tropical fruit}",0.0090493136756482,0.296666666666667,0.0305033045246568,2.82724483204134,89
"{citrus fruit,root vegetables} => {other vegetables}",0.0103711235383833,0.586206896551724,0.017691916624301,3.02960842227336,102
"{citrus fruit,other vegetables} => {root vegetables}",0.0103711235383833,0.359154929577465,0.0288764616166751,3.2950454593231,102
"{citrus fruit,root vegetables} => {whole milk}",0.00915099135739705,0.517241379310345,0.017691916624301,2.02430121986361,90
"{citrus fruit,whole milk} => {root vegetables}",0.00915099135739705,0.3,0.0305033045246568,2.75233208955224,90
"{citrus fruit,yogurt} => {rolls/buns}",0.0057956278596848,0.267605633802817,0.0216573462125064,1.45489298421819,57
"{citrus fruit,rolls/buns} => {yogurt}",0.0057956278596848,0.345454545454545,0.0167768174885613,2.47634508348794,57
"{citrus fruit,yogurt} => {other vegetables}",0.00762582613116421,0.352112676056338,0.0216573462125064,1.81977307883031,75
"{citrus fruit,other vegetables} => {yogurt}",0.00762582613116421,0.264084507042254,0.0288764616166751,1.89305475711411,75
"{citrus fruit,yogurt} => {whole milk}",0.0102694458566345,0.474178403755869,0.0216573462125064,1.85576784756823,101
"{citrus fruit,whole milk} => {yogurt}",0.0102694458566345,0.336666666666667,0.0305033045246568,2.41335034013605,101
"{citrus fruit,rolls/buns} => {other vegetables}",0.00599898322318251,0.357575757575758,0.0167768174885613,1.84800713387156,59
"{citrus fruit,rolls/buns} => {whole milk}",0.00721911540416879,0.43030303030303,0.0167768174885613,1.68405503502997,71
"{citrus fruit,other vegetables} => {whole milk}",0.0130147432638536,0.450704225352113,0.0288764616166751,1.76389815214406,128
"{citrus fruit,whole milk} => {other vegetables}",0.0130147432638536,0.426666666666667,0.0305033045246568,2.20507969872132,128
"{sausage,shopping bags} => {soda}",0.00569395017793594,0.363636363636364,0.0156583629893238,2.08534322820037,56
"{sausage,shopping bags} => {rolls/buns}",0.00599898322318251,0.383116883116883,0.0156583629893238,2.08289361274436,59
"{rolls/buns,shopping bags} => {sausage}",0.00599898322318251,0.307291666666667,0.0195221148957804,3.27079387626263,59
"{sausage,shopping bags} => {other vegetables}",0.00538891713268937,0.344155844155844,0.0156583629893238,1.77865093393207,53
"{root vegetables,shopping bags} => {other vegetables}",0.00660904931367565,0.515873015873016,0.0128113879003559,2.66611198692124,65
"{other vegetables,shopping bags} => {root vegetables}",0.00660904931367565,0.285087719298246,0.0231825114387392,2.61552026053941,65
"{root vegetables,shopping bags} => {whole milk}",0.00528723945094052,0.412698412698413,0.0128113879003559,1.61515674050493,52
"{shopping bags,soda} => {rolls/buns}",0.00630401626842908,0.256198347107438,0.0246059989832232,1.39287492747466,62
"{rolls/buns,shopping bags} => {soda}",0.00630401626842908,0.322916666666667,0.0195221148957804,1.85182823129252,62
"{shopping bags,soda} => {whole milk}",0.00681240467717336,0.276859504132231,0.0246059989832232,1.08353092842837,67
"{shopping bags,whole milk} => {soda}",0.00681240467717336,0.278008298755187,0.0245043213014743,1.59429248877974,67
"{shopping bags,yogurt} => {other vegetables}",0.00538891713268937,0.353333333333333,0.0152516522623284,1.82608162550359,53
"{shopping bags,yogurt} => {whole milk}",0.00528723945094052,0.346666666666667,0.0152516522623284,1.35673166202414,52
"{rolls/buns,shopping bags} => {other vegetables}",0.00528723945094052,0.270833333333333,0.0195221148957804,1.39970879313365,52
"{rolls/buns,shopping bags} => {whole milk}",0.00528723945094052,0.270833333333333,0.0195221148957804,1.05994661095636,52
"{other vegetables,shopping bags} => {whole milk}",0.00762582613116421,0.328947368421053,0.0231825114387392,1.28738454772028,75
"{shopping bags,whole milk} => {other vegetables}",0.00762582613116421,0.311203319502075,0.0245043213014743,1.60834716095791,75
"{bottled water,sausage} => {other vegetables}",0.00508388408744281,0.423728813559322,0.011997966446365,2.18989641689749,50
"{sausage,tropical fruit} => {other vegetables}",0.00599898322318251,0.430656934306569,0.0139298423995933,2.22570202254604,59
"{sausage,tropical fruit} => {whole milk}",0.00721911540416879,0.518248175182482,0.0139298423995933,2.02824146554704,71
"{root vegetables,sausage} => {yogurt}",0.00518556176919166,0.346938775510204,0.0149466192170819,2.48698458975427,51
"{sausage,yogurt} => {root vegetables}",0.00518556176919166,0.264248704663212,0.0196237925775292,2.42433396489057,51
"{root vegetables,sausage} => {other vegetables}",0.00681240467717336,0.45578231292517,0.0149466192170819,2.3555538873458,67
"{other vegetables,sausage} => {root vegetables}",0.00681240467717336,0.252830188679245,0.0269445856634469,2.31957547169811,67
"{root vegetables,sausage} => {whole milk}",0.00772750381291307,0.517006802721088,0.0149466192170819,2.02338316942376,76
"{sausage,whole milk} => {root vegetables}",0.00772750381291307,0.258503401360544,0.0298932384341637,2.37162402274343,76
"{sausage,yogurt} => {soda}",0.00559227249618709,0.284974093264249,0.0196237925775292,1.63423918790314,55
"{sausage,soda} => {rolls/buns}",0.00965937976614133,0.397489539748954,0.0243009659379766,2.16103351212325,95
"{rolls/buns,sausage} => {soda}",0.00965937976614133,0.315614617940199,0.0306049822064057,1.80995321716727,95
"{rolls/buns,soda} => {sausage}",0.00965937976614133,0.251989389920424,0.0383324860193188,2.68215979422876,95
"{sausage,soda} => {other vegetables}",0.00721911540416879,0.297071129707113,0.0243009659379766,1.53530980592194,71
"{other vegetables,sausage} => {soda}",0.00721911540416879,0.267924528301887,0.0269445856634469,1.53646515209858,71
"{sausage,soda} => {whole milk}",0.0067107269954245,0.276150627615063,0.0243009659379766,1.08075663453806,66
"{sausage,yogurt} => {rolls/buns}",0.00599898322318251,0.305699481865285,0.0196237925775292,1.66199801224161,59
"{sausage,yogurt} => {other vegetables}",0.00813421453990849,0.414507772020725,0.0196237925775292,2.14224063994947,80
"{other vegetables,sausage} => {yogurt}",0.00813421453990849,0.30188679245283,0.0269445856634469,2.16403542549095,80
"{sausage,yogurt} => {whole milk}",0.00874428063040163,0.44559585492228,0.0196237925775292,1.74390578319165,86
"{sausage,whole milk} => {yogurt}",0.00874428063040163,0.292517006802721,0.0298932384341637,2.09686935998889,86
"{rolls/buns,sausage} => {other vegetables}",0.00884595831215048,0.289036544850498,0.0306049822064057,1.49378582165247,87
"{other vegetables,sausage} => {rolls/buns}",0.00884595831215048,0.328301886792453,0.0269445856634469,1.78488062830502,87
"{rolls/buns,sausage} => {whole milk}",0.00935434672089476,0.305647840531561,0.0306049822064057,1.19619837311099,92
"{sausage,whole milk} => {rolls/buns}",0.00935434672089476,0.312925170068027,0.0298932384341637,1.70128195003817,92
"{other vegetables,sausage} => {whole milk}",0.0101677681748856,0.377358490566038,0.0269445856634469,1.47684868870552,100
"{sausage,whole milk} => {other vegetables}",0.0101677681748856,0.340136054421769,0.0298932384341637,1.75787603533268,100
"{bottled water,tropical fruit} => {soda}",0.00518556176919166,0.28021978021978,0.0185053380782918,1.60697465799507,51
"{bottled water,tropical fruit} => {yogurt}",0.00711743772241993,0.384615384615385,0.0185053380782918,2.75706436420722,70
"{bottled water,yogurt} => {tropical fruit}",0.00711743772241993,0.309734513274336,0.0229791560752415,2.95178191671812,70
"{bottled water,tropical fruit} => {rolls/buns}",0.00538891713268937,0.291208791208791,0.0185053380782918,1.58321639664923,53
"{bottled water,tropical fruit} => {other vegetables}",0.00620233858668022,0.335164835164835,0.0185053380782918,1.73218400097013,61
"{bottled water,other vegetables} => {tropical fruit}",0.00620233858668022,0.25,0.0248093543467209,2.38250968992248,61
"{bottled water,tropical fruit} => {whole milk}",0.00803253685815963,0.434065934065934,0.0185053380782918,1.69878171967308,79
"{bottled water,root vegetables} => {other vegetables}",0.00701576004067107,0.448051948051948,0.0156583629893238,2.31560215927005,69
"{bottled water,other vegetables} => {root vegetables}",0.00701576004067107,0.282786885245902,0.0248093543467209,2.59441139588941,69
"{bottled water,root vegetables} => {whole milk}",0.00732079308591764,0.467532467532468,0.0156583629893238,1.82975798574684,72
"{bottled water,soda} => {yogurt}",0.0074224707676665,0.256140350877193,0.028978139298424,1.83610812746151,73
"{bottled water,yogurt} => {soda}",0.0074224707676665,0.323008849557522,0.0229791560752415,1.85235687195232,73
"{soda,yogurt} => {bottled water}",0.0074224707676665,0.271375464684015,0.0273512963904423,2.4553612651033,73
"{bottled water,rolls/buns} => {soda}",0.00681240467717336,0.281512605042017,0.0241992882562278,1.61438861258789,67
"{bottled water,soda} => {whole milk}",0.00752414844941535,0.259649122807018,0.028978139298424,1.01617553633387,74
"{bottled water,yogurt} => {rolls/buns}",0.00711743772241993,0.309734513274336,0.0229791560752415,1.68393528913936,70
"{bottled water,rolls/buns} => {yogurt}",0.00711743772241993,0.294117647058824,0.0241992882562278,2.10834333733493,70
"{bottled water,yogurt} => {other vegetables}",0.00813421453990849,0.353982300884956,0.0229791560752415,1.82943559075331,80
"{bottled water,other vegetables} => {yogurt}",0.00813421453990849,0.327868852459016,0.0248093543467209,2.3502843760455,80
"{bottled water,yogurt} => {whole milk}",0.00965937976614133,0.420353982300885,0.0229791560752415,1.645117953016,95
"{bottled water,whole milk} => {yogurt}",0.00965937976614133,0.281065088757396,0.0343670564311134,2.01477780461297,95
"{bottled water,rolls/buns} => {other vegetables}",0.00732079308591764,0.302521008403361,0.0241992882562278,1.56347562671942,72
"{bottled water,other vegetables} => {rolls/buns}",0.00732079308591764,0.295081967213115,0.0248093543467209,1.60427371340021,72
"{bottled water,rolls/buns} => {whole milk}",0.00874428063040163,0.361344537815126,0.0241992882562278,1.41417569813441,86
"{bottled water,whole milk} => {rolls/buns}",0.00874428063040163,0.254437869822485,0.0343670564311134,1.38330373117974,86
"{bottled water,other vegetables} => {whole milk}",0.0107778342653787,0.434426229508197,0.0248093543467209,1.70019178957943,106
"{bottled water,whole milk} => {other vegetables}",0.0107778342653787,0.313609467455621,0.0343670564311134,1.62078250784342,106
"{root vegetables,tropical fruit} => {yogurt}",0.00813421453990849,0.386473429951691,0.0210472801220132,2.77038351572513,80
"{tropical fruit,yogurt} => {root vegetables}",0.00813421453990849,0.277777777777778,0.0292831723436706,2.54845563847429,80
"{root vegetables,yogurt} => {tropical fruit}",0.00813421453990849,0.31496062992126,0.0258261311642095,3.00158701092596,80
"{root vegetables,tropical fruit} => {rolls/buns}",0.00589730554143366,0.280193236714976,0.0210472801220132,1.52332807246644,58
"{root vegetables,tropical fruit} => {other vegetables}",0.0123029994916116,0.584541062801932,0.0210472801220132,3.0209991343442,121
"{other vegetables,tropical fruit} => {root vegetables}",0.0123029994916116,0.342776203966006,0.0358922216573462,3.14477981903514,121
"{other vegetables,root vegetables} => {tropical fruit}",0.0123029994916116,0.259656652360515,0.047381799694967,2.47453796120704,121
"{root vegetables,tropical fruit} => {whole milk}",0.011997966446365,0.570048309178744,0.0210472801220132,2.23096900945999,118
"{tropical fruit,whole milk} => {root vegetables}",0.011997966446365,0.283653846153846,0.0422979156075242,2.60236527698048,118
"{soda,tropical fruit} => {yogurt}",0.00660904931367565,0.317073170731707,0.0208439247585155,2.27289696366351,65
"{soda,tropical fruit} => {rolls/buns}",0.00538891713268937,0.258536585365854,0.0208439247585155,1.405587239952,53
"{soda,tropical fruit} => {other vegetables}",0.00721911540416879,0.346341463414634,0.0208439247585155,1.78994655422119,71
"{soda,tropical fruit} => {whole milk}",0.00782918149466192,0.375609756097561,0.0208439247585155,1.47000475575786,77
"{tropical fruit,yogurt} => {rolls/buns}",0.00874428063040163,0.298611111111111,0.0292831723436706,1.623460628954,86
"{rolls/buns,tropical fruit} => {yogurt}",0.00874428063040163,0.355371900826446,0.0246059989832232,2.54743632990386,86
"{rolls/buns,yogurt} => {tropical fruit}",0.00874428063040163,0.254437869822485,0.0343670564311134,2.42480276134122,86
"{tropical fruit,yogurt} => {other vegetables}",0.0123029994916116,0.420138888888889,0.0292831723436706,2.17134312780989,121
"{other vegetables,tropical fruit} => {yogurt}",0.0123029994916116,0.342776203966006,0.0358922216573462,2.45714574781754,121
"{other vegetables,yogurt} => {tropical fruit}",0.0123029994916116,0.283372365339578,0.0434163701067616,2.7005496251112,121
"{tropical fruit,yogurt} => {whole milk}",0.0151499745805796,0.517361111111111,0.0292831723436706,2.02476980810894,149
"{tropical fruit,whole milk} => {yogurt}",0.0151499745805796,0.358173076923077,0.0422979156075241,2.56751618916797,149
"{whole milk,yogurt} => {tropical fruit}",0.0151499745805796,0.270417422867514,0.0560244026436197,2.57708852122286,149
"{rolls/buns,tropical fruit} => {other vegetables}",0.00782918149466192,0.318181818181818,0.0246059989832232,1.64441312759757,77
"{rolls/buns,tropical fruit} => {whole milk}",0.0109811896288765,0.446280991735537,0.0246059989832232,1.7465871682129,108
"{tropical fruit,whole milk} => {rolls/buns}",0.0109811896288765,0.259615384615385,0.0422979156075241,1.41145235361653,108
"{other vegetables,tropical fruit} => {whole milk}",0.0170818505338078,0.475920679886686,0.0358922216573462,1.86258650484901,168
"{tropical fruit,whole milk} => {other vegetables}",0.0170818505338078,0.403846153846154,0.0422979156075241,2.08713973887384,168
"{root vegetables,soda} => {other vegetables}",0.00823589222165735,0.442622950819672,0.0186070157600407,2.28754425712637,81
"{other vegetables,soda} => {root vegetables}",0.00823589222165735,0.251552795031056,0.0327402135231317,2.30785609993511,81
"{root vegetables,soda} => {whole milk}",0.00813421453990849,0.437158469945355,0.0186070157600407,1.71088481970257,80
"{root vegetables,yogurt} => {rolls/buns}",0.00721911540416879,0.279527559055118,0.0258261311642095,1.51970897916367,71
"{rolls/buns,root vegetables} => {yogurt}",0.00721911540416879,0.297071129707113,0.0243009659379766,2.12951498591068,71
"{root vegetables,yogurt} => {other vegetables}",0.0129130655821047,0.5,0.0258261311642095,2.58407777193904,127
"{other vegetables,root vegetables} => {yogurt}",0.0129130655821047,0.272532188841202,0.047381799694967,1.95361084347902,127
"{other vegetables,yogurt} => {root vegetables}",0.0129130655821047,0.297423887587822,0.0434163701067616,2.72869770002447,127
"{root vegetables,yogurt} => {whole milk}",0.0145399084900864,0.562992125984252,0.0258261311642095,2.20335358498015,143
"{root vegetables,whole milk} => {yogurt}",0.0145399084900864,0.297297297297297,0.0489069649211998,2.1311362382791,143
"{whole milk,yogurt} => {root vegetables}",0.0145399084900864,0.259528130671506,0.0560244026436197,2.38102534062898,143
"{rolls/buns,root vegetables} => {other vegetables}",0.0122013218098627,0.502092050209205,0.0243009659379766,2.59488981282582,120
"{other vegetables,root vegetables} => {rolls/buns}",0.0122013218098627,0.257510729613734,0.047381799694967,1.40000996448373,120
"{other vegetables,rolls/buns} => {root vegetables}",0.0122013218098627,0.286396181384248,0.0426029486527707,2.6275246678303,120
"{rolls/buns,root vegetables} => {whole milk}",0.012709710218607,0.523012552301255,0.0243009659379766,2.04688756541299,125
"{root vegetables,whole milk} => {rolls/buns}",0.012709710218607,0.25987525987526,0.0489069649211998,1.41286521883537,125
"{other vegetables,root vegetables} => {whole milk}",0.0231825114387392,0.489270386266094,0.047381799694967,1.91483257020575,228
"{root vegetables,whole milk} => {other vegetables}",0.0231825114387392,0.474012474012474,0.0489069649211998,2.44977019543494,228
"{other vegetables,whole milk} => {root vegetables}",0.0231825114387392,0.309782608695652,0.0748347737671581,2.84208204899416,228
"{soda,yogurt} => {rolls/buns}",0.00864260294865277,0.315985130111524,0.0273512963904423,1.71791805121439,85
"{rolls/buns,yogurt} => {soda}",0.00864260294865277,0.251479289940828,0.0343670564311134,1.44215674435455,85
"{soda,yogurt} => {other vegetables}",0.0083375699034062,0.304832713754647,0.0273512963904423,1.57542287954648,82
"{other vegetables,soda} => {yogurt}",0.0083375699034062,0.254658385093168,0.0327402135231317,1.82548485232602,82
"{soda,yogurt} => {whole milk}",0.0104728012201322,0.382899628252788,0.0273512963904423,1.49853475681105,103
"{soda,whole milk} => {yogurt}",0.0104728012201322,0.261421319796954,0.0400610066090493,1.87396405262613,103
"{rolls/buns,soda} => {other vegetables}",0.00986273512963904,0.257294429708223,0.0383324860193188,1.3297376333055,97
"{other vegetables,soda} => {rolls/buns}",0.00986273512963904,0.301242236024845,0.0327402135231317,1.63776527988079,97
"{other vegetables,soda} => {whole milk}",0.0139298423995933,0.425465838509317,0.0327402135231317,1.66512396408242,137
"{soda,whole milk} => {other vegetables}",0.0139298423995933,0.347715736040609,0.0400610066090493,1.79704900891192,137
"{rolls/buns,yogurt} => {other vegetables}",0.0114895780376207,0.334319526627219,0.0343670564311134,1.72781531496516,113
"{other vegetables,yogurt} => {rolls/buns}",0.0114895780376207,0.26463700234192,0.0434163701067616,1.4387534096367,113
"{other vegetables,rolls/buns} => {yogurt}",0.0114895780376207,0.269689737470167,0.0426029486527707,1.93323510788564,113
"{rolls/buns,yogurt} => {whole milk}",0.015556685307575,0.452662721893491,0.0343670564311134,1.77156302022383,153
"{whole milk,yogurt} => {rolls/buns}",0.015556685307575,0.277676950998185,0.0560244026436197,1.50964776841744,153
"{rolls/buns,whole milk} => {yogurt}",0.015556685307575,0.274685816876122,0.0566344687341129,1.969048840362,153
"{other vegetables,yogurt} => {whole milk}",0.0222674123029995,0.51288056206089,0.0434163701067616,2.00723451168677,219
"{whole milk,yogurt} => {other vegetables}",0.0222674123029995,0.397459165154265,0.0560244026436197,2.05413078785717,219
"{other vegetables,whole milk} => {yogurt}",0.0222674123029995,0.297554347826087,0.0748347737671581,2.13297887089618,219
"{other vegetables,rolls/buns} => {whole milk}",0.0178952719877987,0.420047732696897,0.0426029486527707,1.64391939955192,176
"{rolls/buns,whole milk} => {other vegetables}",0.0178952719877987,0.315978456014363,0.0566344687341129,1.63302580919667,176
"{fruit/vegetable juice,other vegetables,yogurt} => {whole milk}",0.00508388408744281,0.617283950617284,0.00823589222165735,2.41583273152447,50
"{fruit/vegetable juice,whole milk,yogurt} => {other vegetables}",0.00508388408744281,0.537634408602151,0.00945602440264362,2.77857824939682,50
"{fruit/vegetable juice,other vegetables,whole milk} => {yogurt}",0.00508388408744281,0.485436893203884,0.0104728012201322,3.47978997424212,50
"{other vegetables,root vegetables,whipped/sour cream} => {whole milk}",0.00518556176919166,0.607142857142857,0.00854092526690392,2.37614405093514,51
"{root vegetables,whipped/sour cream,whole milk} => {other vegetables}",0.00518556176919166,0.548387096774194,0.00945602440264362,2.83414981438476,51
"{other vegetables,whipped/sour cream,whole milk} => {root vegetables}",0.00518556176919166,0.354166666666667,0.0146415861718353,3.24928093905473,51
"{other vegetables,whipped/sour cream,yogurt} => {whole milk}",0.00559227249618709,0.55,0.0101677681748856,2.1525069637883,55
"{whipped/sour cream,whole milk,yogurt} => {other vegetables}",0.00559227249618709,0.514018691588785,0.0108795119471276,2.65652855059154,55
"{other vegetables,whipped/sour cream,whole milk} => {yogurt}",0.00559227249618709,0.381944444444444,0.0146415861718353,2.73791808390023,55
"{other vegetables,whole milk,yogurt} => {whipped/sour cream}",0.00559227249618709,0.251141552511416,0.0222674123029995,3.50351371482237,55
"{other vegetables,pip fruit,root vegetables} => {whole milk}",0.00549059481443823,0.675,0.00813421453990849,2.64171309192201,54
"{pip fruit,root vegetables,whole milk} => {other vegetables}",0.00549059481443823,0.613636363636364,0.00894763599389934,3.17136817465246,54
"{other vegetables,pip fruit,whole milk} => {root vegetables}",0.00549059481443823,0.406015037593985,0.0135231316725979,3.72496072270228,54
"{other vegetables,pip fruit,yogurt} => {whole milk}",0.00508388408744281,0.625,0.00813421453990849,2.44603064066852,50
"{pip fruit,whole milk,yogurt} => {other vegetables}",0.00508388408744281,0.531914893617021,0.00955770208439248,2.74901890631813,50
"{other vegetables,pip fruit,whole milk} => {yogurt}",0.00508388408744281,0.37593984962406,0.0135231316725979,2.69487494245819,50
"{citrus fruit,other vegetables,root vegetables} => {whole milk}",0.0057956278596848,0.558823529411765,0.0103711235383833,2.18703916106833,57
"{citrus fruit,root vegetables,whole milk} => {other vegetables}",0.0057956278596848,0.633333333333333,0.00915099135739705,3.27316517778946,57
"{citrus fruit,other vegetables,whole milk} => {root vegetables}",0.0057956278596848,0.4453125,0.0130147432638536,4.0854929454291,57
"{other vegetables,root vegetables,whole milk} => {citrus fruit}",0.0057956278596848,0.25,0.0231825114387392,3.0205773955774,57
"{root vegetables,tropical fruit,yogurt} => {whole milk}",0.00569395017793594,0.7,0.00813421453990849,2.73955431754875,56
"{root vegetables,tropical fruit,whole milk} => {yogurt}",0.00569395017793594,0.474576271186441,0.011997966446365,3.40193704600484,56
"{tropical fruit,whole milk,yogurt} => {root vegetables}",0.00569395017793594,0.375838926174497,0.0151499745805796,3.44811179004307,56
"{root vegetables,whole milk,yogurt} => {tropical fruit}",0.00569395017793594,0.391608391608392,0.0145399084900864,3.7320431506478,56
"{other vegetables,root vegetables,tropical fruit} => {whole milk}",0.00701576004067107,0.570247933884298,0.0123029994916116,2.23175027049426,69
"{root vegetables,tropical fruit,whole milk} => {other vegetables}",0.00701576004067107,0.584745762711864,0.011997966446365,3.02205705531854,69
"{other vegetables,tropical fruit,whole milk} => {root vegetables}",0.00701576004067107,0.410714285714286,0.0170818505338078,3.76807369402985,69
"{other vegetables,root vegetables,whole milk} => {tropical fruit}",0.00701576004067107,0.302631578947368,0.0231825114387392,2.88409067727458,69
"{other vegetables,tropical fruit,yogurt} => {whole milk}",0.00762582613116421,0.619834710743802,0.0123029994916116,2.4258155114068,75
"{tropical fruit,whole milk,yogurt} => {other vegetables}",0.00762582613116421,0.503355704697987,0.0151499745805796,2.60142057577756,75
"{other vegetables,tropical fruit,whole milk} => {yogurt}",0.00762582613116421,0.446428571428571,0.0170818505338078,3.2001639941691,75
"{other vegetables,whole milk,yogurt} => {tropical fruit}",0.00762582613116421,0.342465753424658,0.0222674123029995,3.2637119040034,75
"{other vegetables,root vegetables,yogurt} => {whole milk}",0.00782918149466192,0.606299212598425,0.0129130655821047,2.37284232228632,77
"{root vegetables,whole milk,yogurt} => {other vegetables}",0.00782918149466192,0.538461538461538,0.0145399084900864,2.78285298516512,77
"{other vegetables,root vegetables,whole milk} => {yogurt}",0.00782918149466192,0.337719298245614,0.0231825114387392,2.42089598997494,77
"{other vegetables,whole milk,yogurt} => {root vegetables}",0.00782918149466192,0.351598173515982,0.0222674123029995,3.22571645198664,77
"{other vegetables,rolls/buns,root vegetables} => {whole milk}",0.00620233858668022,0.508333333333333,0.0122013218098627,1.9894382544104,61
"{rolls/buns,root vegetables,whole milk} => {other vegetables}",0.00620233858668022,0.488,0.012709710218607,2.52205990541251,61
"{other vegetables,root vegetables,whole milk} => {rolls/buns}",0.00620233858668022,0.267543859649123,0.0231825114387392,1.45455713634556,61
"{other vegetables,rolls/buns,whole milk} => {root vegetables}",0.00620233858668022,0.346590909090909,0.0178952719877987,3.17977760345997,61
"{other vegetables,rolls/buns,yogurt} => {whole milk}",0.00599898322318251,0.52212389380531,0.0114895780376207,2.04340966795671,59
"{rolls/buns,whole milk,yogurt} => {other vegetables}",0.00599898322318251,0.38562091503268,0.015556685307575,1.99294886986148,59
"{other vegetables,whole milk,yogurt} => {rolls/buns}",0.00599898322318251,0.269406392694064,0.0222674123029995,1.46468317973804,59
"{other vegetables,rolls/buns,whole milk} => {yogurt}",0.00599898322318251,0.335227272727273,0.0178952719877987,2.40303223562152,59
